number_of_edges,state_space_size,exact_efrac,overapproximated_efrac
3,4,0.8333333333333334,0.8333333333333334
1868,884,0.20797720797720798,0.22863247863247863
11154,4027,0.18535353535353538,0.2686868686868687
100438,24973,0.144880174291939,0.31699346405228757